{
  "Clay": {
    "Theta_r": 0.098,
    "Std θr": 0.107,
    "Theta_s": 0.459,
    "Std θs": 0.079,
    "alpha": 16.122,
    "Std log(α)": 0.68,
    "n": 1.253,
    "Std log(n)": 0.07,
    "Ks": 0.03219,
    "Std log(Ks)": 0.92,
    "Ko": 0.01603,
    "Std log(Ko)": 0.26,
    "L": -1.561,
    "Std L": 1.39
  },
  "Clay Loam": {
    "Theta_r": 0.079,
    "Std θr": 0.076,
    "Theta_s": 0.442,
    "Std θs": 0.079,
    "alpha": 16.513,
    "Std log(α)": 0.69,
    "n": 1.416,
    "Std log(n)": 0.12,
    "Ks": 0.02492,
    "Std log(Ks)": 1.09,
    "Ko": 0.02012,
    "Std log(Ko)": 0.23,
    "L": -0.763,
    "Std L": 0.9
  },
  "Loam": {
    "Theta_r": 0.061,
    "Std θr": 0.073,
    "Theta_s": 0.399,
    "Std θs": 0.098,
    "alpha": 14.171,
    "Std log(α)": 0.73,
    "n": 1.472,
    "Std log(n)": 0.13,
    "Ks": 0.02948,
    "Std log(Ks)": 0.92,
    "Ko": 0.01764,
    "Std log(Ko)": 0.21,
    "L": -0.371,
    "Std L": 0.84
  },
  "Loamy Sand": {
    "Theta_r": 0.049,
    "Std θr": 0.042,
    "Theta_s": 0.39,
    "Std θs": 0.07,
    "alpha": 23.247,
    "Std log(α)": 0.47,
    "n": 1.746,
    "Std log(n)": 0.16,
    "Ks": 0.07553,
    "Std log(Ks)": 0.64,
    "Ko": 0.03999,
    "Std log(Ko)": 0.24,
    "L": -0.874,
    "Std L": 0.59
  },
  "Sand": {
    "Theta_r": 0.053,
    "Std θr": 0.029,
    "Theta_s": 0.375,
    "Std θs": 0.055,
    "alpha": 23.387,
    "Std log(α)": 0.25,
    "n": 3.177,
    "Std log(n)": 0.18,
    "Ks": 0.01658,
    "Std log(Ks)": 0.59,
    "Ko": 0.04011,
    "Std log(Ko)": 0.24,
    "L": -0.93,
    "Std L": 0.49
  },
  "Sandy Clay": {
    "Theta_r": 0.117,
    "Std θr": 0.114,
    "Theta_s": 0.385,
    "Std θs": 0.046,
    "alpha": 22.855,
    "Std log(α)": 0.57,
    "n": 1.208,
    "Std log(n)": 0.06,
    "Ks": 0.02872,
    "Std log(Ks)": 0.89,
    "Ko": 0.01891,
    "Std log(Ko)": 0.34,
    "L": -3.665,
    "Std L": 1.8
  },
  "Sandy Clay Loam": {
    "Theta_r": 0.063,
    "Std θr": 0.078,
    "Theta_s": 0.384,
    "Std θs": 0.061,
    "alpha": 18.712,
    "Std log(α)": 0.71,
    "n": 1.330,
    "Std log(n)": 0.12,
    "Ks": 0.03065,
    "Std log(Ks)": 0.85,
    "Ko": 0.02319,
    "Std log(Ko)": 0.24,
    "L": -1.28,
    "Std L": 0.99
  },
  "Sandy Loam": {
    "Theta_r": 0.039,
    "Std θr": 0.054,
    "Theta_s": 0.387,
    "Std θs": 0.085,
    "alpha": 20.721,
    "Std log(α)": 0.56,
    "n": 1.449,
    "Std log(n)": 0.11,
    "Ks": 0.04870,
    "Std log(Ks)": 0.66,
    "Ko": 0.03287,
    "Std log(Ko)": 0.21,
    "L": -0.861,
    "Std L": 0.73
  },
  "Silt": {
    "Theta_r": 0.05,
    "Std θr": 0.041,
    "Theta_s": 0.489,
    "Std θs": 0.078,
    "alpha": 11.282,
    "Std log(α)": 0.3,
    "n": 1.679,
    "Std log(n)": 0.13,
    "Ks": 0.05160,
    "Std log(Ks)": 0.27,
    "Ko": 0.01689,
    "Std log(Ko)": 0.32,
    "L": 0.624,
    "Std L": 1.57
  },
  "Silty Clay": {
    "Theta_r": 0.111,
    "Std θr": 0.119,
    "Theta_s": 0.481,
    "Std θs": 0.08,
    "alpha": 16.696,
    "Std log(α)": 0.64,
    "n": 1.321,
    "Std log(n)": 0.1,
    "Ks": 0.02672,
    "Std log(Ks)": 0.57,
    "Ko": 0.01650,
    "Std log(Ko)": 0.27,
    "L": -1.287,
    "Std L": 1.23
  },
  "Silty Clay Loam": {
    "Theta_r": 0.09,
    "Std θr": 0.082,
    "Theta_s": 0.482,
    "Std θs": 0.086,
    "alpha": 12.543,
    "Std log(α)": 0.59,
    "n": 1.521,
    "Std log(n)": 0.13,
    "Ks": 0.02846,
    "Std log(Ks)": 0.76,
    "Ko": 0.01418,
    "Std log(Ko)": 0.26,
    "L": -0.156,
    "Std L": 1.23
  },
  "Silty Loam": {
    "Theta_r": 0.065,
    "Std θr": 0.073,
    "Theta_s": 0.439,
    "Std θs": 0.093,
    "alpha": 10.066,
    "Std log(α)": 0.57,
    "n": 1.663,
    "Std log(n)": 0.14,
    "Ks": 0.03529,
    "Std log(Ks)": 0.74,
    "Ko": 0.01275,
    "Std log(Ko)": 0.26,
    "L": 0.365,
    "Std L": 1.42
  }
}
